booking_id,hotel_id,user_id,booking_date,check_in_date,check_out_date,num_of_rooms,room_type,price_per_day,total_discount%
B_00001,H_003,U_0537,2024-06-16,2024-06-21,2024-06-27,3,Super Deluxe,11348,6.13
B_00002,H_297,U_0054,2024-04-11,2024-04-15,2024-04-21,1,Luxury,19656,3.78
B_00003,H_298,U_0895,2024-02-26,2024-03-05,2024-03-07,2,Super Deluxe,10083,14.52
B_00004,H_086,U_0133,2024-02-27,2024-03-05,2024-03-14,4,Super Deluxe,7094,10.05
B_00005,H_177,U_0096,2024-07-16,2024-07-24,2024-07-25,3,Super Deluxe,7954,14.27
B_00006,H_274,U_0197,2023-06-19,2023-06-24,2023-06-27,1,Super Deluxe,6658,7.62
B_00007,H_104,U_0039,2024-07-27,2024-08-01,2024-08-11,4,Deluxe,2665,2.71
B_00008,H_203,U_0829,2023-10-20,2023-10-30,2023-10-31,4,Super Deluxe,8892,14.54
B_00009,H_293,U_0240,2024-06-07,2024-06-13,2024-06-18,4,Deluxe,3507,10.17
B_00010,H_125,U_0473,2024-07-25,2024-08-03,2024-08-12,4,Deluxe,2818,12.02
B_00011,H_195,U_0054,2024-02-06,2024-02-14,2024-02-23,1,Standard,1383,1.26
B_00012,H_131,U_0928,2023-07-07,2023-07-12,2023-07-19,1,Deluxe,3848,13.27
B_00013,H_152,U_0055,2024-06-15,2024-06-23,2024-06-27,4,Standard,1567,3.37
B_00014,H_150,U_0860,2024-11-24,2024-11-29,2024-12-02,1,Super Deluxe,12741,10.44
B_00015,H_093,U_0460,2024-05-28,2024-06-01,2024-06-02,3,Deluxe,2613,8.23
B_00016,H_257,U_0434,2023-04-27,2023-05-04,2023-05-08,3,Standard,897,3.58
B_00017,H_070,U_0469,2024-08-17,2024-08-21,2024-08-29,1,Deluxe,4944,2.15
B_00018,H_251,U_0362,2024-01-13,2024-01-22,2024-01-25,1,Super Deluxe,6109,14.3
B_00019,H_299,U_0568,2024-02-07,2024-02-16,2024-02-24,1,Luxury,21117,3.8
B_00020,H_173,U_0354,2024-05-19,2024-05-23,2024-06-02,3,Deluxe,2182,5.28
B_00021,H_196,U_0851,2023-07-12,2023-07-22,2023-07-25,2,Standard,1737,0.55
B_00022,H_217,U_0908,2023-04-04,2023-04-12,2023-04-17,4,Luxury,19151,0.55
B_00023,H_172,U_0366,2023-06-06,2023-06-14,2023-06-19,1,Super Deluxe,12160,13.34
B_00024,H_250,U_0348,2024-04-03,2024-04-13,2024-04-21,3,Super Deluxe,6354,10.91
B_00025,H_093,U_0843,2024-08-24,2024-08-31,2024-09-06,1,Standard,1471,9.91
B_00026,H_027,U_0735,2024-01-09,2024-01-14,2024-01-22,3,Luxury,15694,10.9
B_00027,H_299,U_0446,2023-10-09,2023-10-12,2023-10-14,4,Super Deluxe,13407,12.02
B_00028,H_070,U_0147,2024-07-31,2024-08-03,2024-08-06,1,Deluxe,4643,5.49
B_00029,H_273,U_0034,2023-04-03,2023-04-13,2023-04-19,3,Luxury,27503,1.15
B_00030,H_059,U_0408,2024-03-14,2024-03-21,2024-03-25,1,Standard,1181,7.49
B_00031,H_273,U_0121,2024-07-22,2024-07-29,2024-08-06,2,Super Deluxe,13048,3.0
B_00032,H_099,U_0463,2024-02-12,2024-02-22,2024-02-24,3,Super Deluxe,6064,8.25
B_00033,H_015,U_0872,2024-02-12,2024-02-17,2024-02-23,2,Standard,1211,11.88
B_00034,H_150,U_0027,2023-06-18,2023-06-26,2023-07-04,2,Standard,934,4.64
B_00035,H_074,U_0539,2024-05-13,2024-05-22,2024-06-01,1,Deluxe,3299,9.64
B_00036,H_175,U_0353,2024-02-29,2024-03-05,2024-03-08,4,Standard,1054,7.77
B_00037,H_010,U_0331,2024-06-18,2024-06-26,2024-07-05,3,Standard,1313,2.94
B_00038,H_023,U_0129,2023-12-15,2023-12-19,2023-12-28,2,Deluxe,2702,9.88
B_00039,H_261,U_0346,2024-04-08,2024-04-11,2024-04-12,1,Standard,1981,3.97
B_00040,H_210,U_0427,2023-07-28,2023-08-07,2023-08-16,3,Super Deluxe,12913,3.67
B_00041,H_289,U_0305,2024-11-09,2024-11-13,2024-11-14,2,Luxury,21810,7.26
B_00042,H_018,U_0148,2024-11-14,2024-11-22,2024-11-28,4,Deluxe,3518,7.72
B_00043,H_107,U_0478,2024-08-19,2024-08-26,2024-09-03,2,Deluxe,2397,0.76
B_00044,H_261,U_0429,2024-10-20,2024-10-25,2024-10-31,3,Deluxe,2653,7.47
B_00045,H_023,U_0901,2024-08-11,2024-08-21,2024-08-22,1,Luxury,23282,6.86
B_00046,H_090,U_0362,2024-11-20,2024-11-23,2024-11-28,4,Luxury,19682,8.05
B_00047,H_096,U_0138,2023-11-12,2023-11-20,2023-11-27,3,Standard,1620,0.77
B_00048,H_052,U_0567,2023-04-06,2023-04-10,2023-04-17,4,Super Deluxe,6947,1.93
B_00049,H_258,U_0814,2023-11-27,2023-12-05,2023-12-08,2,Luxury,23194,0.6
B_00050,H_034,U_0824,2023-10-10,2023-10-20,2023-10-23,2,Super Deluxe,10219,2.44
B_00051,H_189,U_0608,2023-11-25,2023-12-05,2023-12-15,3,Luxury,28366,0.25
B_00052,H_244,U_0427,2024-04-16,2024-04-23,2024-04-24,4,Super Deluxe,14478,8.66
B_00053,H_122,U_0492,2023-10-18,2023-10-27,2023-10-30,2,Standard,1972,14.22
B_00054,H_099,U_0452,2023-07-03,2023-07-12,2023-07-15,4,Deluxe,3681,7.53
B_00055,H_016,U_0894,2024-10-04,2024-10-09,2024-10-18,2,Super Deluxe,12838,7.88
B_00056,H_280,U_0471,2023-08-05,2023-08-13,2023-08-22,3,Super Deluxe,14996,7.26
B_00057,H_210,U_0572,2023-12-03,2023-12-09,2023-12-14,3,Deluxe,4828,10.57
B_00058,H_298,U_0574,2023-09-23,2023-09-30,2023-10-02,4,Luxury,28409,5.18
B_00059,H_213,U_0298,2023-05-27,2023-06-03,2023-06-05,3,Luxury,25748,3.85
B_00060,H_136,U_0848,2024-08-23,2024-08-30,2024-09-08,3,Deluxe,2448,9.24
B_00061,H_136,U_0052,2023-08-29,2023-09-04,2023-09-08,1,Standard,1646,4.95
B_00062,H_119,U_0006,2024-04-09,2024-04-14,2024-04-21,4,Luxury,25659,2.99
B_00063,H_052,U_0293,2024-08-26,2024-08-30,2024-09-09,2,Standard,1158,6.27
B_00064,H_146,U_0857,2024-07-24,2024-08-03,2024-08-06,3,Standard,818,4.48
B_00065,H_161,U_0292,2023-12-02,2023-12-12,2023-12-15,4,Super Deluxe,8160,12.13
B_00066,H_136,U_0664,2024-02-09,2024-02-14,2024-02-15,3,Super Deluxe,14303,10.12
B_00067,H_238,U_0877,2023-06-15,2023-06-24,2023-07-03,3,Standard,1620,10.04
B_00068,H_155,U_0489,2023-04-10,2023-04-16,2023-04-17,3,Luxury,18859,6.7
B_00069,H_156,U_0310,2023-05-11,2023-05-14,2023-05-19,3,Deluxe,2255,10.02
B_00070,H_098,U_0416,2024-04-20,2024-04-27,2024-04-29,3,Super Deluxe,8619,3.29
B_00071,H_214,U_0466,2024-04-15,2024-04-24,2024-05-03,4,Deluxe,3014,10.21
B_00072,H_217,U_0539,2024-04-20,2024-04-28,2024-04-30,1,Standard,1921,13.54
B_00073,H_081,U_0154,2023-08-31,2023-09-08,2023-09-17,4,Standard,1220,10.75
B_00074,H_273,U_0457,2024-08-11,2024-08-21,2024-08-24,4,Luxury,24240,0.87
B_00075,H_258,U_0741,2023-08-10,2023-08-19,2023-08-24,1,Deluxe,4369,1.1
B_00076,H_010,U_0555,2023-05-27,2023-05-31,2023-06-08,1,Super Deluxe,11699,2.7
B_00077,H_131,U_0384,2024-04-20,2024-04-30,2024-05-07,4,Standard,1904,1.99
B_00078,H_175,U_0183,2023-12-28,2024-01-06,2024-01-15,2,Deluxe,2015,11.34
B_00079,H_132,U_0690,2023-05-19,2023-05-28,2023-06-06,4,Deluxe,3014,6.91
B_00080,H_169,U_0960,2023-09-23,2023-09-26,2023-10-03,1,Deluxe,2845,1.01
B_00081,H_203,U_0613,2024-02-20,2024-02-26,2024-02-27,4,Luxury,18840,8.1
B_00082,H_069,U_0144,2023-06-06,2023-06-13,2023-06-17,3,Super Deluxe,8882,4.53
B_00083,H_096,U_0227,2024-11-09,2024-11-16,2024-11-21,1,Deluxe,4565,10.18
B_00084,H_182,U_0996,2024-06-21,2024-06-30,2024-07-09,3,Luxury,21689,2.24
B_00085,H_034,U_0485,2024-11-12,2024-11-18,2024-11-23,2,Luxury,29988,0.86
B_00086,H_244,U_0571,2024-08-28,2024-09-02,2024-09-09,2,Super Deluxe,8332,4.95
B_00087,H_294,U_0868,2023-08-18,2023-08-22,2023-08-31,2,Standard,1349,5.66
B_00088,H_261,U_0895,2023-05-05,2023-05-11,2023-05-21,2,Luxury,18423,13.04
B_00089,H_172,U_0217,2023-07-23,2023-07-27,2023-08-04,2,Deluxe,3625,13.73
B_00090,H_081,U_0390,2024-09-21,2024-09-29,2024-10-04,3,Super Deluxe,13402,13.24
B_00091,H_081,U_0780,2023-12-16,2023-12-22,2023-12-28,3,Luxury,15750,8.44
B_00092,H_194,U_0017,2024-07-27,2024-08-05,2024-08-10,2,Deluxe,3352,3.45
B_00093,H_196,U_0512,2024-10-30,2024-11-07,2024-11-12,4,Luxury,22551,2.52
B_00094,H_122,U_0144,2024-06-27,2024-07-07,2024-07-10,1,Standard,952,14.18
B_00095,H_194,U_0423,2024-07-08,2024-07-14,2024-07-16,2,Standard,1247,7.59
B_00096,H_132,U_0654,2024-10-12,2024-10-22,2024-10-23,1,Luxury,15195,0.25
B_00097,H_161,U_0294,2023-05-26,2023-06-04,2023-06-07,1,Standard,1873,2.23
B_00098,H_174,U_0259,2024-07-02,2024-07-09,2024-07-16,1,Super Deluxe,11653,6.88
B_00099,H_155,U_0308,2023-09-02,2023-09-05,2023-09-07,4,Luxury,21180,8.29
B_00100,H_104,U_0720,2024-05-05,2024-05-09,2024-05-17,4,Super Deluxe,14271,14.66
B_00101,H_183,U_0942,2024-04-11,2024-04-17,2024-04-21,4,Super Deluxe,5763,13.86
B_00102,H_155,U_0921,2023-08-29,2023-09-01,2023-09-04,3,Standard,1224,8.81
B_00103,H_081,U_0952,2023-09-11,2023-09-18,2023-09-21,2,Luxury,26093,13.45
B_00104,H_183,U_0810,2024-03-22,2024-03-30,2024-03-31,1,Luxury,18804,12.58
B_00105,H_276,U_0978,2023-05-02,2023-05-10,2023-05-11,3,Luxury,23039,3.42
B_00106,H_280,U_0443,2023-08-26,2023-09-04,2023-09-06,3,Deluxe,4921,1.1
B_00107,H_281,U_0729,2023-11-18,2023-11-27,2023-12-03,3,Standard,987,0.08
B_00108,H_281,U_0780,2024-10-20,2024-10-24,2024-10-27,1,Deluxe,3766,6.73
B_00109,H_034,U_0106,2023-08-21,2023-08-25,2023-08-31,1,Super Deluxe,11312,0.19
B_00110,H_153,U_0743,2023-11-15,2023-11-21,2023-12-01,2,Luxury,17778,2.08
B_00111,H_210,U_0150,2023-11-28,2023-12-03,2023-12-10,3,Luxury,19912,7.26
B_00112,H_132,U_0967,2023-10-31,2023-11-10,2023-11-20,2,Luxury,16753,2.03
B_00113,H_001,U_0341,2024-03-14,2024-03-22,2024-03-30,3,Luxury,28361,12.35
B_00114,H_104,U_0140,2023-11-09,2023-11-17,2023-11-27,2,Luxury,20148,2.66
B_00115,H_142,U_0299,2024-06-01,2024-06-07,2024-06-13,4,Super Deluxe,11438,5.48
B_00116,H_293,U_0607,2024-07-16,2024-07-21,2024-07-30,1,Luxury,26606,3.14
B_00117,H_142,U_0839,2023-04-01,2023-04-11,2023-04-14,3,Deluxe,3035,9.88
B_00118,H_074,U_0076,2024-11-26,2024-12-06,2024-12-16,4,Luxury,23908,0.55
B_00119,H_172,U_0609,2023-10-28,2023-11-01,2023-11-05,3,Deluxe,4651,9.19
B_00120,H_161,U_0991,2024-04-18,2024-04-27,2024-04-29,1,Standard,1329,3.33
B_00121,H_059,U_0595,2024-02-29,2024-03-06,2024-03-14,3,Luxury,22587,11.59
B_00122,H_058,U_0155,2023-04-20,2023-04-23,2023-05-01,1,Super Deluxe,11816,13.81
B_00123,H_169,U_0357,2024-03-10,2024-03-18,2024-03-26,2,Luxury,20707,7.14
B_00124,H_001,U_0327,2024-11-03,2024-11-10,2024-11-11,1,Standard,1502,9.72
B_00125,H_262,U_0953,2024-05-20,2024-05-25,2024-06-03,2,Super Deluxe,14173,6.4
B_00126,H_098,U_0645,2024-02-18,2024-02-23,2024-03-01,4,Standard,1204,6.74
B_00127,H_125,U_0722,2023-07-09,2023-07-15,2023-07-20,1,Standard,1899,2.8
B_00128,H_052,U_0117,2024-11-22,2024-12-02,2024-12-11,3,Luxury,25016,5.89
B_00129,H_238,U_0866,2023-09-23,2023-09-28,2023-10-03,1,Deluxe,3283,1.77
B_00130,H_117,U_0383,2023-12-01,2023-12-10,2023-12-17,2,Luxury,21932,2.79
B_00131,H_074,U_0569,2023-05-22,2023-06-01,2023-06-06,2,Deluxe,3289,12.63
B_00132,H_142,U_0975,2023-04-04,2023-04-14,2023-04-17,2,Luxury,24201,7.58
B_00133,H_183,U_0426,2024-09-19,2024-09-29,2024-10-02,1,Standard,1251,4.38
B_00134,H_177,U_0296,2024-03-31,2024-04-10,2024-04-20,4,Standard,1972,1.71
B_00135,H_006,U_0556,2024-02-16,2024-02-26,2024-03-06,2,Luxury,16678,11.04
B_00136,H_276,U_0305,2023-12-06,2023-12-16,2023-12-21,3,Standard,1699,12.98
B_00137,H_140,U_0215,2023-05-30,2023-06-08,2023-06-11,2,Deluxe,2848,12.08
B_00138,H_074,U_0288,2024-11-24,2024-11-29,2024-12-05,3,Super Deluxe,14384,4.01
B_00139,H_279,U_0139,2024-11-09,2024-11-12,2024-11-17,2,Deluxe,3023,2.19
B_00140,H_001,U_0780,2024-07-16,2024-07-26,2024-07-29,3,Luxury,21147,6.78
B_00141,H_172,U_0413,2023-05-26,2023-06-02,2023-06-08,4,Luxury,20363,8.73
B_00142,H_203,U_0749,2024-04-01,2024-04-09,2024-04-11,4,Deluxe,3760,12.37
B_00143,H_171,U_0849,2024-08-02,2024-08-10,2024-08-19,2,Luxury,27916,5.16
B_00144,H_117,U_0048,2023-04-27,2023-05-07,2023-05-08,1,Deluxe,3808,6.85
B_00145,H_294,U_0208,2024-09-16,2024-09-23,2024-09-26,3,Standard,1538,3.76
B_00146,H_086,U_0054,2024-06-06,2024-06-13,2024-06-17,4,Standard,994,0.02
B_00147,H_172,U_0608,2024-11-27,2024-12-07,2024-12-08,1,Super Deluxe,6976,14.82
B_00148,H_189,U_0490,2024-01-03,2024-01-09,2024-01-16,1,Standard,1011,4.7
B_00149,H_245,U_0392,2023-06-09,2023-06-14,2023-06-16,1,Deluxe,3803,5.27
B_00150,H_001,U_0942,2024-04-10,2024-04-20,2024-04-24,1,Standard,1086,11.29
B_00151,H_150,U_0360,2024-09-21,2024-09-29,2024-10-02,2,Super Deluxe,6381,3.72
B_00152,H_171,U_0292,2023-10-03,2023-10-10,2023-10-14,2,Luxury,19843,9.69
B_00153,H_122,U_0507,2024-08-23,2024-08-27,2024-08-31,4,Standard,1881,13.33
B_00154,H_298,U_0957,2023-08-08,2023-08-13,2023-08-20,4,Super Deluxe,13952,10.24
B_00155,H_001,U_0018,2024-05-23,2024-05-26,2024-05-31,2,Standard,923,14.23
B_00156,H_086,U_0644,2024-07-04,2024-07-13,2024-07-20,4,Standard,1898,8.06
B_00157,H_140,U_0318,2023-12-26,2024-01-01,2024-01-04,3,Luxury,24609,9.51
B_00158,H_099,U_0318,2023-05-31,2023-06-06,2023-06-07,2,Standard,1689,1.74
B_00159,H_093,U_0317,2023-10-26,2023-10-30,2023-10-31,2,Standard,1135,7.45
B_00160,H_069,U_0802,2023-12-30,2024-01-04,2024-01-10,2,Super Deluxe,6935,11.57
B_00161,H_036,U_0279,2024-01-23,2024-01-27,2024-02-01,1,Luxury,22458,7.66
B_00162,H_014,U_0171,2023-08-28,2023-09-02,2023-09-07,1,Standard,1267,11.11
B_00163,H_070,U_0251,2023-10-16,2023-10-26,2023-11-01,4,Deluxe,2734,13.97
B_00164,H_292,U_0823,2023-04-29,2023-05-05,2023-05-11,2,Luxury,26802,4.8
B_00165,H_058,U_0382,2024-07-13,2024-07-16,2024-07-19,2,Standard,1621,1.03
B_00166,H_131,U_0793,2023-05-27,2023-06-04,2023-06-06,4,Standard,1555,3.01
B_00167,H_251,U_0758,2024-06-07,2024-06-17,2024-06-23,4,Deluxe,4239,11.41
B_00168,H_107,U_0955,2023-12-31,2024-01-03,2024-01-07,3,Standard,1486,0.02
B_00169,H_099,U_0107,2024-04-30,2024-05-06,2024-05-13,4,Standard,1091,10.67
B_00170,H_194,U_0919,2023-04-02,2023-04-11,2023-04-17,4,Standard,1989,1.43
B_00171,H_295,U_0077,2023-12-24,2023-12-27,2024-01-03,2,Deluxe,3195,3.91
B_00172,H_175,U_0718,2023-12-25,2024-01-02,2024-01-10,3,Deluxe,2306,14.15
B_00173,H_266,U_0112,2024-05-28,2024-06-01,2024-06-04,4,Luxury,20146,6.1
B_00174,H_259,U_0463,2024-10-28,2024-11-07,2024-11-12,1,Standard,1122,12.11
B_00175,H_189,U_0042,2023-06-01,2023-06-09,2023-06-12,1,Deluxe,3458,5.94
B_00176,H_175,U_0267,2024-10-18,2024-10-21,2024-10-28,4,Deluxe,2388,6.93
B_00177,H_281,U_0125,2024-10-24,2024-10-27,2024-10-31,2,Deluxe,3641,5.58
B_00178,H_169,U_0597,2023-06-14,2023-06-18,2023-06-19,1,Deluxe,4646,6.65
B_00179,H_117,U_0126,2023-12-06,2023-12-16,2023-12-17,2,Luxury,28463,10.87
B_00180,H_193,U_0700,2024-03-16,2024-03-21,2024-03-27,2,Deluxe,3127,4.2
B_00181,H_231,U_0629,2023-10-20,2023-10-27,2023-11-04,4,Luxury,16000,1.32
B_00182,H_023,U_0205,2023-10-28,2023-11-03,2023-11-12,1,Luxury,27811,10.7
B_00183,H_104,U_0353,2024-10-09,2024-10-17,2024-10-24,3,Deluxe,2107,4.78
B_00184,H_136,U_0060,2024-07-24,2024-08-01,2024-08-11,2,Deluxe,2411,3.72
B_00185,H_073,U_0836,2024-01-30,2024-02-05,2024-02-15,4,Super Deluxe,7847,2.64
B_00186,H_132,U_0936,2024-09-01,2024-09-09,2024-09-19,2,Deluxe,4017,8.13
B_00187,H_250,U_0093,2024-01-10,2024-01-16,2024-01-26,2,Standard,1878,7.17
B_00188,H_081,U_0207,2023-10-11,2023-10-19,2023-10-22,3,Standard,844,2.22
B_00189,H_200,U_0793,2024-07-11,2024-07-19,2024-07-21,3,Luxury,24602,1.52
B_00190,H_146,U_1000,2024-08-30,2024-09-08,2024-09-16,3,Deluxe,4897,14.53
B_00191,H_153,U_0806,2023-06-30,2023-07-06,2023-07-16,2,Luxury,20027,11.01
B_00192,H_131,U_0747,2024-02-04,2024-02-13,2024-02-23,1,Deluxe,4468,4.77
B_00193,H_171,U_0227,2023-05-07,2023-05-11,2023-05-19,2,Super Deluxe,6275,3.57
B_00194,H_294,U_0652,2024-08-15,2024-08-23,2024-08-31,1,Super Deluxe,8436,3.74
B_00195,H_216,U_0806,2024-04-17,2024-04-20,2024-04-21,4,Luxury,27003,6.29
B_00196,H_298,U_0505,2024-04-02,2024-04-10,2024-04-19,4,Standard,1781,11.83
B_00197,H_298,U_0167,2023-04-03,2023-04-07,2023-04-08,3,Standard,1452,3.92
B_00198,H_203,U_0175,2023-05-10,2023-05-15,2023-05-17,1,Super Deluxe,14733,14.78
B_00199,H_081,U_0442,2023-11-08,2023-11-17,2023-11-20,1,Standard,1478,3.08
B_00200,H_244,U_0740,2023-04-09,2023-04-16,2023-04-21,3,Deluxe,2393,0.74
B_00201,H_210,U_0158,2024-06-30,2024-07-08,2024-07-09,4,Standard,1403,12.36
B_00202,H_023,U_0205,2023-10-08,2023-10-11,2023-10-15,2,Super Deluxe,6343,7.1
B_00203,H_189,U_0483,2023-04-10,2023-04-17,2023-04-19,4,Deluxe,3520,13.28
B_00204,H_280,U_0046,2024-10-08,2024-10-18,2024-10-26,3,Deluxe,3101,8.46
B_00205,H_020,U_0088,2023-11-28,2023-12-07,2023-12-17,2,Standard,1592,12.28
B_00206,H_023,U_0704,2023-12-04,2023-12-10,2023-12-18,3,Standard,1608,13.54
B_00207,H_258,U_0585,2023-11-29,2023-12-04,2023-12-06,4,Deluxe,2685,14.58
B_00208,H_216,U_0044,2023-07-01,2023-07-05,2023-07-12,2,Deluxe,4438,3.87
B_00209,H_200,U_0090,2024-05-24,2024-06-02,2024-06-11,3,Super Deluxe,13515,6.87
B_00210,H_177,U_0602,2023-11-01,2023-11-10,2023-11-12,4,Deluxe,2608,8.5
B_00211,H_214,U_0948,2023-04-15,2023-04-19,2023-04-24,3,Luxury,19328,5.75
B_00212,H_213,U_0485,2024-11-12,2024-11-17,2024-11-22,4,Deluxe,4533,9.13
B_00213,H_107,U_0406,2023-10-11,2023-10-17,2023-10-18,4,Super Deluxe,11103,0.3
B_00214,H_034,U_0319,2024-07-13,2024-07-23,2024-07-25,2,Deluxe,3231,14.61
B_00215,H_142,U_0276,2024-10-04,2024-10-08,2024-10-12,4,Deluxe,3668,11.11
B_00216,H_015,U_0841,2024-05-29,2024-06-03,2024-06-05,3,Luxury,17223,11.71
B_00217,H_273,U_0030,2023-07-26,2023-08-01,2023-08-05,1,Deluxe,2136,6.85
B_00218,H_018,U_0281,2023-08-17,2023-08-27,2023-09-05,4,Standard,862,3.63
B_00219,H_073,U_0182,2023-06-03,2023-06-11,2023-06-17,2,Super Deluxe,6481,4.28
B_00220,H_250,U_0875,2024-05-24,2024-05-30,2024-06-03,2,Deluxe,3103,9.77
B_00221,H_245,U_0486,2023-04-19,2023-04-24,2023-05-04,1,Deluxe,3034,9.13
B_00222,H_140,U_0434,2024-09-10,2024-09-18,2024-09-26,3,Deluxe,3912,4.53
B_00223,H_228,U_0407,2023-09-10,2023-09-14,2023-09-15,3,Super Deluxe,9891,10.27
B_00224,H_196,U_0284,2024-07-01,2024-07-08,2024-07-13,3,Deluxe,2615,7.76
B_00225,H_294,U_0825,2024-01-23,2024-01-31,2024-02-03,1,Luxury,19844,3.89
B_00226,H_132,U_0755,2024-01-31,2024-02-06,2024-02-12,2,Luxury,29853,14.11
B_00227,H_107,U_0866,2024-11-18,2024-11-23,2024-11-28,1,Luxury,17097,11.11
B_00228,H_091,U_0782,2023-08-03,2023-08-11,2023-08-13,2,Super Deluxe,8660,11.16
B_00229,H_048,U_0381,2024-11-16,2024-11-23,2024-12-01,1,Luxury,15880,13.0
B_00230,H_015,U_0073,2024-10-25,2024-10-31,2024-11-09,1,Luxury,23681,4.48
B_00231,H_146,U_0141,2024-10-20,2024-10-28,2024-11-04,4,Deluxe,3296,12.94
B_00232,H_070,U_0500,2023-05-01,2023-05-06,2023-05-12,1,Standard,1725,4.1
B_00233,H_298,U_0591,2023-10-03,2023-10-13,2023-10-15,2,Luxury,25380,6.44
B_00234,H_261,U_0393,2024-05-04,2024-05-07,2024-05-16,2,Super Deluxe,5231,13.38
B_00235,H_203,U_0196,2024-01-14,2024-01-17,2024-01-21,2,Super Deluxe,10114,1.93
B_00236,H_119,U_0314,2024-05-27,2024-05-31,2024-06-01,3,Super Deluxe,12470,10.92
B_00237,H_196,U_0445,2024-06-04,2024-06-12,2024-06-20,3,Deluxe,2676,14.22
B_00238,H_258,U_0020,2024-02-05,2024-02-11,2024-02-14,2,Standard,1833,2.53
B_00239,H_086,U_0385,2024-09-13,2024-09-16,2024-09-26,1,Standard,840,0.72
B_00240,H_194,U_0390,2023-11-03,2023-11-10,2023-11-18,2,Deluxe,4848,10.29
B_00241,H_250,U_0678,2024-08-01,2024-08-08,2024-08-18,2,Luxury,28610,13.48
B_00242,H_178,U_0121,2024-09-20,2024-09-24,2024-09-26,4,Deluxe,4495,3.0
B_00243,H_228,U_0997,2024-10-29,2024-11-06,2024-11-13,3,Deluxe,2162,8.22
B_00244,H_261,U_0339,2023-04-17,2023-04-20,2023-04-21,1,Standard,1975,10.04
B_00245,H_178,U_0799,2024-08-25,2024-08-29,2024-08-31,3,Deluxe,3871,14.83
B_00246,H_020,U_0052,2024-03-11,2024-03-16,2024-03-17,3,Super Deluxe,10124,6.39
B_00247,H_018,U_0010,2024-05-19,2024-05-24,2024-05-30,3,Luxury,25188,4.02
B_00248,H_189,U_0835,2024-05-24,2024-05-29,2024-05-31,4,Luxury,22480,4.08
B_00249,H_155,U_0820,2023-04-10,2023-04-15,2023-04-17,2,Standard,1126,1.56
B_00250,H_059,U_0822,2023-07-27,2023-08-06,2023-08-09,4,Super Deluxe,5473,12.94
B_00251,H_257,U_0495,2024-01-30,2024-02-03,2024-02-10,4,Standard,929,3.92
B_00252,H_203,U_0786,2023-12-06,2023-12-12,2023-12-18,1,Luxury,25842,10.9
B_00253,H_098,U_0153,2023-08-01,2023-08-04,2023-08-05,2,Luxury,28958,7.44
B_00254,H_298,U_0329,2024-07-16,2024-07-24,2024-07-29,1,Deluxe,4255,9.65
B_00255,H_189,U_0081,2024-09-24,2024-10-04,2024-10-14,4,Standard,1820,6.71
B_00256,H_272,U_0764,2023-12-19,2023-12-23,2023-12-30,4,Standard,1941,8.24
B_00257,H_264,U_0987,2023-06-10,2023-06-16,2023-06-24,3,Super Deluxe,5890,12.25
B_00258,H_161,U_0574,2024-01-22,2024-01-30,2024-02-07,1,Standard,1254,0.03
B_00259,H_189,U_0561,2023-11-06,2023-11-14,2023-11-16,1,Deluxe,4017,2.11
B_00260,H_171,U_0110,2024-09-19,2024-09-25,2024-09-29,1,Luxury,18533,6.86
B_00261,H_090,U_0111,2024-03-05,2024-03-08,2024-03-18,1,Luxury,22494,9.88
B_00262,H_177,U_0987,2024-10-02,2024-10-05,2024-10-14,1,Luxury,28744,8.78
B_00263,H_266,U_0709,2024-07-10,2024-07-15,2024-07-18,1,Luxury,25773,9.01
B_00264,H_069,U_0903,2023-09-08,2023-09-17,2023-09-27,2,Super Deluxe,11519,14.45
B_00265,H_188,U_0825,2023-09-06,2023-09-11,2023-09-18,3,Super Deluxe,14070,9.49
B_00266,H_136,U_0732,2024-10-13,2024-10-21,2024-10-24,2,Super Deluxe,6891,11.41
B_00267,H_272,U_0585,2023-10-01,2023-10-08,2023-10-15,1,Standard,851,5.71
B_00268,H_216,U_0205,2023-12-23,2023-12-28,2024-01-02,3,Deluxe,2255,10.36
B_00269,H_194,U_0034,2024-10-11,2024-10-21,2024-10-23,2,Luxury,18893,7.66
B_00270,H_142,U_0710,2024-02-19,2024-02-28,2024-03-06,4,Super Deluxe,14047,0.81
B_00271,H_274,U_0636,2023-07-12,2023-07-18,2023-07-24,2,Deluxe,3205,6.73
B_00272,H_153,U_0192,2023-09-03,2023-09-07,2023-09-14,1,Luxury,19573,8.35
B_00273,H_069,U_0867,2023-05-14,2023-05-17,2023-05-23,4,Deluxe,2164,2.31
B_00274,H_238,U_0793,2023-08-26,2023-09-05,2023-09-15,3,Standard,1450,7.88
B_00275,H_228,U_0070,2024-07-13,2024-07-18,2024-07-25,4,Standard,1515,3.32
B_00276,H_228,U_0340,2024-03-29,2024-04-05,2024-04-09,4,Standard,1034,10.03
B_00277,H_210,U_0941,2023-11-20,2023-11-23,2023-11-29,4,Standard,1590,3.85
B_00278,H_070,U_0934,2023-10-22,2023-10-30,2023-11-08,4,Luxury,15719,4.45
B_00279,H_287,U_0527,2023-04-17,2023-04-21,2023-04-24,1,Standard,1231,10.06
B_00280,H_262,U_0856,2024-04-25,2024-05-01,2024-05-10,4,Standard,1114,0.36
B_00281,H_034,U_0090,2024-04-28,2024-05-01,2024-05-04,3,Standard,1977,12.32
B_00282,H_194,U_0398,2023-05-12,2023-05-21,2023-05-28,3,Standard,1597,10.1
B_00283,H_150,U_0065,2024-11-12,2024-11-15,2024-11-17,3,Standard,1393,11.8
B_00284,H_273,U_0289,2024-11-18,2024-11-27,2024-12-04,1,Luxury,17562,8.0
B_00285,H_010,U_0816,2024-03-01,2024-03-08,2024-03-11,3,Super Deluxe,5183,8.3
B_00286,H_036,U_0043,2024-04-13,2024-04-22,2024-05-01,1,Super Deluxe,8442,11.22
B_00287,H_132,U_0217,2023-05-04,2023-05-09,2023-05-12,2,Deluxe,4527,12.52
B_00288,H_245,U_0688,2024-04-27,2024-04-30,2024-05-09,4,Standard,1395,10.08
B_00289,H_193,U_0744,2024-10-11,2024-10-21,2024-10-27,3,Deluxe,4750,9.83
B_00290,H_090,U_0072,2024-07-14,2024-07-22,2024-07-30,4,Super Deluxe,10009,10.4
B_00291,H_196,U_0374,2024-06-07,2024-06-16,2024-06-19,1,Super Deluxe,9034,11.78
B_00292,H_146,U_0284,2024-04-10,2024-04-15,2024-04-21,4,Luxury,22297,5.38
B_00293,H_276,U_0112,2023-05-04,2023-05-08,2023-05-13,2,Deluxe,3079,11.0
B_00294,H_131,U_0914,2024-07-07,2024-07-10,2024-07-20,4,Deluxe,2151,8.27
B_00295,H_078,U_0484,2023-08-09,2023-08-17,2023-08-24,2,Super Deluxe,7194,6.97
B_00296,H_298,U_0373,2023-05-02,2023-05-05,2023-05-09,2,Deluxe,3828,2.39
B_00297,H_161,U_0676,2024-09-09,2024-09-19,2024-09-25,1,Deluxe,3998,3.48
B_00298,H_034,U_0044,2024-10-07,2024-10-15,2024-10-22,4,Luxury,29444,0.7
B_00299,H_138,U_0106,2023-07-01,2023-07-08,2023-07-13,2,Luxury,25710,5.68
B_00300,H_156,U_0530,2024-07-09,2024-07-18,2024-07-22,4,Super Deluxe,10654,7.3
B_00301,H_213,U_0007,2024-09-25,2024-09-30,2024-10-08,2,Deluxe,2316,7.72
B_00302,H_171,U_0192,2024-07-21,2024-07-29,2024-08-08,1,Deluxe,3699,12.17
B_00303,H_037,U_0692,2023-06-11,2023-06-21,2023-06-25,2,Luxury,15368,3.66
B_00304,H_074,U_0165,2024-05-25,2024-05-28,2024-06-07,2,Standard,1140,3.87
B_00305,H_280,U_0614,2024-10-13,2024-10-16,2024-10-21,1,Deluxe,3840,9.1
B_00306,H_150,U_0175,2024-09-20,2024-09-29,2024-10-09,2,Deluxe,4553,9.89
B_00307,H_273,U_0945,2024-08-01,2024-08-05,2024-08-09,4,Luxury,17167,1.63
B_00308,H_264,U_0701,2023-11-06,2023-11-11,2023-11-21,1,Deluxe,3950,13.52
B_00309,H_273,U_0516,2023-09-20,2023-09-24,2023-10-02,2,Standard,1683,7.83
B_00310,H_010,U_0715,2023-06-01,2023-06-10,2023-06-14,4,Luxury,20743,8.84
B_00311,H_119,U_0101,2023-06-11,2023-06-16,2023-06-21,4,Deluxe,2344,4.25
B_00312,H_139,U_0264,2023-09-03,2023-09-06,2023-09-07,1,Standard,1568,9.82
B_00313,H_117,U_0419,2024-09-10,2024-09-14,2024-09-17,4,Super Deluxe,9282,12.82
B_00314,H_003,U_0627,2023-07-22,2023-07-31,2023-08-04,4,Luxury,17929,5.55
B_00315,H_146,U_0315,2024-01-28,2024-02-05,2024-02-12,2,Standard,1270,6.7
B_00316,H_140,U_0103,2024-01-20,2024-01-29,2024-02-04,1,Deluxe,3594,14.47
B_00317,H_067,U_0844,2023-06-17,2023-06-27,2023-07-07,4,Standard,931,3.95
B_00318,H_245,U_0039,2023-06-14,2023-06-23,2023-07-03,3,Standard,1158,9.6
B_00319,H_171,U_0871,2023-12-17,2023-12-24,2023-12-28,1,Deluxe,4520,2.54
B_00320,H_155,U_0671,2024-05-22,2024-05-27,2024-05-29,3,Luxury,20786,10.04
B_00321,H_175,U_0531,2023-11-01,2023-11-05,2023-11-07,3,Super Deluxe,10694,14.45
B_00322,H_048,U_0987,2024-06-03,2024-06-13,2024-06-20,1,Super Deluxe,7868,6.11
B_00323,H_090,U_0516,2023-12-19,2023-12-27,2023-12-29,3,Super Deluxe,12255,14.49
B_00324,H_189,U_0776,2024-06-09,2024-06-19,2024-06-27,1,Luxury,16905,3.87
B_00325,H_295,U_0694,2023-05-07,2023-05-15,2023-05-22,3,Standard,1339,3.72
B_00326,H_177,U_0078,2023-12-23,2023-12-28,2024-01-05,3,Super Deluxe,8581,13.41
B_00327,H_132,U_0511,2023-08-05,2023-08-11,2023-08-15,3,Deluxe,2939,3.04
B_00328,H_196,U_0365,2024-02-05,2024-02-09,2024-02-11,1,Luxury,25057,0.1
B_00329,H_104,U_0869,2023-10-05,2023-10-13,2023-10-23,3,Luxury,29715,14.78
B_00330,H_069,U_0503,2023-08-23,2023-08-30,2023-09-06,2,Deluxe,2222,7.89
B_00331,H_069,U_0034,2024-08-24,2024-09-01,2024-09-08,2,Luxury,16973,10.47
B_00332,H_274,U_0013,2023-07-02,2023-07-11,2023-07-21,1,Super Deluxe,10925,9.19
B_00333,H_194,U_0270,2023-06-26,2023-07-03,2023-07-11,3,Super Deluxe,8014,7.48
B_00334,H_070,U_0374,2024-07-05,2024-07-12,2024-07-20,2,Deluxe,4359,10.29
B_00335,H_177,U_0824,2024-08-22,2024-08-31,2024-09-07,2,Deluxe,2613,7.09
B_00336,H_131,U_0512,2024-02-08,2024-02-16,2024-02-24,3,Super Deluxe,14211,12.88
B_00337,H_228,U_0708,2023-04-26,2023-04-29,2023-05-03,3,Luxury,28746,9.45
B_00338,H_161,U_0267,2023-11-16,2023-11-24,2023-12-03,3,Super Deluxe,5325,6.18
B_00339,H_090,U_0204,2024-03-19,2024-03-24,2024-03-29,3,Super Deluxe,13364,7.31
B_00340,H_155,U_0391,2024-09-13,2024-09-23,2024-09-26,2,Super Deluxe,11912,9.47
B_00341,H_070,U_0082,2024-09-04,2024-09-12,2024-09-16,3,Super Deluxe,9774,10.66
B_00342,H_125,U_0278,2023-08-02,2023-08-10,2023-08-20,4,Luxury,17742,2.76
B_00343,H_155,U_0678,2023-07-23,2023-07-27,2023-07-31,2,Luxury,16688,1.43
B_00344,H_203,U_0562,2023-04-15,2023-04-18,2023-04-25,1,Standard,1337,9.27
B_00345,H_086,U_0317,2023-11-30,2023-12-06,2023-12-11,4,Deluxe,2538,7.9
B_00346,H_015,U_0680,2023-09-23,2023-10-01,2023-10-09,4,Super Deluxe,13988,6.67
B_00347,H_244,U_0182,2024-07-10,2024-07-19,2024-07-28,3,Super Deluxe,12892,8.1
B_00348,H_020,U_0316,2024-03-31,2024-04-09,2024-04-14,2,Super Deluxe,5173,0.0
B_00349,H_297,U_0353,2024-09-08,2024-09-18,2024-09-27,1,Luxury,27378,7.16
B_00350,H_262,U_0818,2023-04-06,2023-04-12,2023-04-13,3,Deluxe,3687,13.23
B_00351,H_016,U_0168,2024-04-04,2024-04-13,2024-04-17,3,Standard,1664,9.38
B_00352,H_101,U_0827,2024-04-05,2024-04-12,2024-04-21,3,Luxury,18081,12.8
B_00353,H_171,U_0114,2023-10-29,2023-11-08,2023-11-13,4,Deluxe,3314,0.29
B_00354,H_264,U_0023,2024-01-08,2024-01-12,2024-01-17,3,Deluxe,4930,6.58
B_00355,H_231,U_0155,2024-10-04,2024-10-14,2024-10-18,3,Luxury,20105,11.79
B_00356,H_196,U_0475,2023-11-03,2023-11-11,2023-11-13,2,Standard,1345,11.63
B_00357,H_182,U_0186,2023-11-17,2023-11-24,2023-12-01,1,Standard,1309,5.77
B_00358,H_169,U_0756,2024-04-08,2024-04-14,2024-04-22,1,Deluxe,3937,5.84
B_00359,H_213,U_0163,2024-10-16,2024-10-20,2024-10-25,4,Super Deluxe,8256,5.41
B_00360,H_259,U_0997,2024-09-24,2024-09-30,2024-10-07,3,Standard,1142,11.92
B_00361,H_081,U_0809,2023-05-15,2023-05-18,2023-05-19,4,Deluxe,3522,11.56
B_00362,H_132,U_0094,2024-05-18,2024-05-21,2024-05-22,3,Deluxe,4873,8.05
B_00363,H_052,U_0239,2024-09-09,2024-09-17,2024-09-25,2,Standard,1573,5.37
B_00364,H_266,U_0497,2024-09-09,2024-09-16,2024-09-25,4,Deluxe,4322,2.8
B_00365,H_020,U_0282,2024-11-21,2024-11-26,2024-11-28,2,Luxury,19845,12.29
B_00366,H_196,U_0001,2023-07-16,2023-07-25,2023-07-28,1,Super Deluxe,8913,4.81
B_00367,H_067,U_0839,2024-08-10,2024-08-16,2024-08-25,4,Deluxe,4512,4.25
B_00368,H_280,U_0114,2023-08-31,2023-09-04,2023-09-05,2,Deluxe,2129,3.03
B_00369,H_122,U_0033,2023-06-02,2023-06-11,2023-06-19,3,Standard,1550,3.31
B_00370,H_069,U_0953,2024-03-10,2024-03-20,2024-03-22,4,Standard,1539,8.37
B_00371,H_264,U_0842,2024-11-04,2024-11-07,2024-11-17,3,Standard,944,12.52
B_00372,H_294,U_0984,2023-05-20,2023-05-24,2023-05-26,2,Luxury,18105,2.9
B_00373,H_214,U_0641,2023-11-11,2023-11-20,2023-11-22,3,Luxury,26511,9.98
B_00374,H_132,U_0812,2024-01-29,2024-02-07,2024-02-16,3,Deluxe,4187,14.98
B_00375,H_145,U_0925,2024-10-31,2024-11-08,2024-11-14,4,Luxury,28536,10.89
B_00376,H_070,U_0559,2023-05-28,2023-06-06,2023-06-15,3,Super Deluxe,12413,6.71
B_00377,H_177,U_0292,2024-07-23,2024-07-28,2024-08-02,1,Super Deluxe,8636,3.22
B_00378,H_231,U_0942,2024-06-18,2024-06-23,2024-06-25,1,Luxury,20828,2.34
B_00379,H_048,U_0256,2023-12-20,2023-12-27,2024-01-01,1,Luxury,24324,13.77
B_00380,H_020,U_0812,2024-10-18,2024-10-23,2024-10-31,1,Super Deluxe,5613,10.96
B_00381,H_139,U_0799,2023-10-07,2023-10-15,2023-10-21,4,Luxury,29219,1.81
B_00382,H_081,U_0951,2024-06-21,2024-06-30,2024-07-01,3,Standard,1453,8.1
B_00383,H_001,U_0715,2023-10-29,2023-11-03,2023-11-04,4,Luxury,27335,8.93
B_00384,H_163,U_0443,2024-02-22,2024-03-02,2024-03-05,2,Super Deluxe,6353,7.14
B_00385,H_168,U_0409,2024-04-12,2024-04-16,2024-04-23,4,Deluxe,2553,7.21
B_00386,H_037,U_0668,2024-01-26,2024-02-01,2024-02-10,2,Deluxe,2294,3.99
B_00387,H_251,U_0092,2024-02-12,2024-02-21,2024-02-28,3,Super Deluxe,8121,4.81
B_00388,H_257,U_0789,2023-07-12,2023-07-17,2023-07-23,4,Deluxe,3805,0.67
B_00389,H_274,U_0702,2024-02-11,2024-02-16,2024-02-18,1,Standard,1297,14.23
B_00390,H_132,U_0015,2023-08-18,2023-08-22,2023-08-27,4,Luxury,15373,4.98
B_00391,H_052,U_0209,2023-10-10,2023-10-17,2023-10-26,4,Deluxe,4848,10.48
B_00392,H_090,U_0928,2023-12-10,2023-12-13,2023-12-18,2,Standard,1381,3.01
B_00393,H_099,U_0055,2024-09-28,2024-10-01,2024-10-03,4,Super Deluxe,10902,12.96
B_00394,H_266,U_0237,2024-11-10,2024-11-14,2024-11-20,4,Standard,1181,2.98
B_00395,H_279,U_0949,2024-06-21,2024-06-24,2024-06-28,3,Super Deluxe,13028,5.9
B_00396,H_238,U_0701,2024-01-17,2024-01-25,2024-01-30,2,Super Deluxe,6016,9.39
B_00397,H_280,U_0967,2023-04-03,2023-04-10,2023-04-14,2,Super Deluxe,11437,9.85
B_00398,H_177,U_0534,2024-01-08,2024-01-17,2024-01-21,2,Luxury,20119,13.65
B_00399,H_287,U_0135,2023-09-28,2023-10-03,2023-10-13,2,Deluxe,3266,10.33
B_00400,H_216,U_0441,2023-04-11,2023-04-16,2023-04-22,1,Standard,1177,4.76
B_00401,H_140,U_0784,2023-07-17,2023-07-26,2023-08-02,3,Luxury,27217,14.01
B_00402,H_069,U_0156,2024-11-02,2024-11-06,2024-11-09,2,Standard,1346,9.08
B_00403,H_237,U_0238,2024-01-24,2024-01-27,2024-02-02,1,Luxury,17197,7.53
B_00404,H_273,U_0189,2023-05-28,2023-06-07,2023-06-15,2,Deluxe,2792,3.39
B_00405,H_228,U_0948,2024-10-26,2024-11-04,2024-11-08,2,Deluxe,2271,2.66
B_00406,H_169,U_0888,2024-05-20,2024-05-28,2024-06-05,2,Luxury,21634,11.64
B_00407,H_214,U_0738,2023-11-20,2023-11-29,2023-12-09,1,Standard,1724,6.85
B_00408,H_012,U_0532,2023-04-13,2023-04-22,2023-04-23,4,Standard,1188,4.37
B_00409,H_012,U_0793,2023-07-10,2023-07-20,2023-07-23,4,Super Deluxe,5894,10.35
B_00410,H_245,U_0850,2024-01-16,2024-01-20,2024-01-29,1,Deluxe,4398,14.07
B_00411,H_155,U_0403,2024-04-12,2024-04-20,2024-04-28,1,Deluxe,3859,8.85
B_00412,H_052,U_0904,2024-06-05,2024-06-09,2024-06-14,3,Deluxe,4943,11.0
B_00413,H_163,U_0650,2024-03-14,2024-03-18,2024-03-27,4,Deluxe,3552,8.26
B_00414,H_074,U_0935,2023-04-05,2023-04-10,2023-04-13,2,Deluxe,4917,0.77
B_00415,H_228,U_0296,2023-09-15,2023-09-19,2023-09-22,2,Standard,1318,0.18
B_00416,H_020,U_0557,2024-01-27,2024-02-06,2024-02-10,2,Luxury,22435,6.15
B_00417,H_161,U_0007,2024-05-06,2024-05-13,2024-05-23,2,Standard,1178,2.22
B_00418,H_140,U_0149,2024-02-06,2024-02-13,2024-02-19,1,Standard,1023,6.25
B_00419,H_142,U_0626,2023-05-08,2023-05-13,2023-05-21,3,Standard,990,11.53
B_00420,H_132,U_0840,2023-12-13,2023-12-22,2023-12-31,1,Super Deluxe,12714,2.02
B_00421,H_155,U_0338,2023-05-11,2023-05-20,2023-05-29,2,Deluxe,4507,0.87
B_00422,H_048,U_0090,2024-01-31,2024-02-07,2024-02-14,3,Super Deluxe,13609,8.63
B_00423,H_027,U_0630,2023-10-01,2023-10-11,2023-10-20,4,Luxury,28238,2.7
B_00424,H_298,U_0199,2023-05-03,2023-05-07,2023-05-08,4,Standard,1224,11.99
B_00425,H_276,U_0047,2024-02-02,2024-02-10,2024-02-19,2,Standard,1212,10.35
B_00426,H_291,U_0316,2024-02-02,2024-02-10,2024-02-11,1,Super Deluxe,10593,5.94
B_00427,H_069,U_0853,2023-10-03,2023-10-09,2023-10-15,3,Luxury,22775,11.96
B_00428,H_210,U_0160,2024-03-03,2024-03-11,2024-03-19,4,Standard,1867,4.49
B_00429,H_200,U_0569,2023-04-07,2023-04-10,2023-04-14,3,Super Deluxe,6085,14.54
B_00430,H_228,U_0348,2024-01-14,2024-01-19,2024-01-29,4,Deluxe,4438,1.75
B_00431,H_294,U_0723,2023-05-05,2023-05-08,2023-05-13,4,Standard,1817,13.16
B_00432,H_259,U_0222,2023-07-10,2023-07-17,2023-07-20,1,Super Deluxe,5613,11.67
B_00433,H_266,U_0519,2024-10-19,2024-10-29,2024-11-07,2,Deluxe,3394,13.85
B_00434,H_297,U_0318,2024-05-17,2024-05-22,2024-05-24,2,Deluxe,4968,0.55
B_00435,H_012,U_0119,2024-08-10,2024-08-17,2024-08-18,1,Super Deluxe,12650,13.34
B_00436,H_104,U_0024,2023-06-08,2023-06-15,2023-06-19,3,Deluxe,2789,4.3
B_00437,H_010,U_0688,2024-08-15,2024-08-22,2024-08-25,2,Super Deluxe,6876,0.23
B_00438,H_216,U_0105,2024-08-04,2024-08-12,2024-08-21,3,Super Deluxe,7320,14.15
B_00439,H_132,U_0251,2024-02-28,2024-03-03,2024-03-08,3,Luxury,15832,1.95
B_00440,H_153,U_0109,2023-10-24,2023-10-27,2023-10-29,4,Luxury,17933,10.57
B_00441,H_117,U_0632,2023-04-07,2023-04-14,2023-04-20,2,Standard,1753,8.52
B_00442,H_122,U_0100,2024-07-28,2024-08-04,2024-08-12,4,Deluxe,2917,2.16
B_00443,H_006,U_0935,2024-05-28,2024-06-06,2024-06-09,3,Super Deluxe,12427,7.31
B_00444,H_049,U_0360,2024-06-30,2024-07-10,2024-07-13,3,Super Deluxe,14904,8.62
B_00445,H_289,U_0838,2023-07-03,2023-07-11,2023-07-20,1,Super Deluxe,13729,6.91
B_00446,H_273,U_0636,2023-04-09,2023-04-14,2023-04-22,4,Standard,1497,3.12
B_00447,H_122,U_0804,2023-09-16,2023-09-24,2023-10-03,2,Deluxe,4715,10.04
B_00448,H_018,U_0857,2024-06-29,2024-07-03,2024-07-13,4,Super Deluxe,14095,1.46
B_00449,H_119,U_0979,2023-05-05,2023-05-09,2023-05-19,1,Luxury,20365,7.41
B_00450,H_153,U_0223,2024-07-04,2024-07-07,2024-07-10,2,Luxury,23705,4.37
B_00451,H_023,U_0201,2023-07-01,2023-07-09,2023-07-14,3,Luxury,26761,14.74
B_00452,H_153,U_0597,2023-08-07,2023-08-16,2023-08-19,3,Standard,1556,13.52
B_00453,H_119,U_0721,2023-05-16,2023-05-24,2023-05-26,3,Standard,1281,6.48
B_00454,H_016,U_0729,2024-10-27,2024-11-05,2024-11-12,4,Deluxe,4714,2.6
B_00455,H_131,U_0394,2023-10-02,2023-10-11,2023-10-14,3,Deluxe,2551,0.17
B_00456,H_015,U_0739,2024-08-09,2024-08-18,2024-08-21,1,Deluxe,4631,12.09
B_00457,H_069,U_0953,2023-04-23,2023-04-28,2023-05-06,4,Luxury,21304,5.33
B_00458,H_292,U_0008,2023-07-21,2023-07-31,2023-08-04,3,Luxury,23949,8.65
B_00459,H_138,U_0582,2024-01-09,2024-01-17,2024-01-19,4,Standard,1090,10.95
B_00460,H_175,U_0477,2023-07-15,2023-07-19,2023-07-28,1,Deluxe,3936,9.46
B_00461,H_081,U_0701,2023-04-19,2023-04-26,2023-05-06,1,Super Deluxe,13766,11.68
B_00462,H_136,U_0928,2024-07-16,2024-07-24,2024-07-31,3,Super Deluxe,9739,2.51
B_00463,H_140,U_0768,2023-10-21,2023-10-28,2023-10-29,4,Deluxe,4347,0.77
B_00464,H_012,U_0028,2023-12-20,2023-12-30,2024-01-01,2,Standard,1369,3.78
B_00465,H_069,U_0879,2023-08-01,2023-08-04,2023-08-06,2,Deluxe,4700,6.7
B_00466,H_281,U_0802,2024-09-16,2024-09-26,2024-09-29,1,Super Deluxe,6383,14.51
B_00467,H_070,U_0858,2023-09-03,2023-09-12,2023-09-19,2,Luxury,26895,9.56
B_00468,H_131,U_0056,2024-11-17,2024-11-21,2024-11-22,2,Luxury,21534,7.14
B_00469,H_297,U_0240,2024-03-23,2024-04-01,2024-04-09,3,Deluxe,4173,13.05
B_00470,H_070,U_0392,2024-11-08,2024-11-11,2024-11-13,3,Luxury,25003,13.77
B_00471,H_132,U_0277,2024-01-14,2024-01-18,2024-01-23,4,Luxury,27668,10.13
B_00472,H_139,U_0789,2024-06-15,2024-06-23,2024-06-26,3,Standard,817,12.48
B_00473,H_217,U_0538,2024-03-29,2024-04-08,2024-04-14,2,Super Deluxe,9128,2.9
B_00474,H_189,U_0059,2024-09-22,2024-09-26,2024-09-28,1,Deluxe,3540,9.85
B_00475,H_276,U_0823,2024-07-08,2024-07-12,2024-07-15,3,Super Deluxe,12651,9.91
B_00476,H_070,U_0945,2024-01-10,2024-01-19,2024-01-25,3,Deluxe,2304,4.16
B_00477,H_161,U_0341,2023-09-27,2023-10-04,2023-10-09,2,Luxury,16138,7.38
B_00478,H_183,U_0403,2023-06-27,2023-07-07,2023-07-09,2,Luxury,18579,9.21
B_00479,H_010,U_0733,2024-06-20,2024-06-24,2024-06-25,1,Standard,1970,10.91
B_00480,H_140,U_0919,2024-08-17,2024-08-22,2024-08-23,1,Luxury,19366,2.27
B_00481,H_259,U_0589,2023-08-23,2023-09-02,2023-09-10,4,Luxury,28829,10.92
B_00482,H_069,U_0554,2024-01-30,2024-02-02,2024-02-09,4,Standard,1961,8.03
B_00483,H_059,U_0699,2023-05-03,2023-05-12,2023-05-13,1,Super Deluxe,13760,12.8
B_00484,H_258,U_0779,2023-05-09,2023-05-15,2023-05-18,1,Luxury,25826,2.87
B_00485,H_299,U_0646,2024-07-28,2024-08-07,2024-08-09,4,Deluxe,2574,0.54
B_00486,H_183,U_0245,2024-10-08,2024-10-17,2024-10-19,3,Luxury,23749,14.47
B_00487,H_070,U_0038,2024-05-19,2024-05-22,2024-05-28,1,Luxury,16937,3.18
B_00488,H_138,U_0470,2024-02-29,2024-03-05,2024-03-15,2,Standard,875,11.03
B_00489,H_074,U_0483,2023-05-04,2023-05-10,2023-05-13,1,Deluxe,4592,0.75
B_00490,H_175,U_0468,2023-07-13,2023-07-17,2023-07-19,1,Luxury,24749,11.99
B_00491,H_183,U_0437,2024-03-25,2024-04-03,2024-04-09,1,Deluxe,3318,12.55
B_00492,H_292,U_0608,2023-12-27,2024-01-04,2024-01-06,1,Super Deluxe,7315,11.36
B_00493,H_237,U_0567,2024-04-17,2024-04-27,2024-05-01,1,Deluxe,2410,11.87
B_00494,H_070,U_0797,2023-11-16,2023-11-19,2023-11-27,1,Standard,814,2.69
B_00495,H_155,U_0909,2024-08-26,2024-09-04,2024-09-12,2,Deluxe,2587,9.6
B_00496,H_196,U_0245,2023-12-06,2023-12-09,2023-12-19,2,Luxury,25028,14.25
B_00497,H_003,U_0357,2023-10-18,2023-10-21,2023-10-30,2,Deluxe,2482,14.8
B_00498,H_078,U_0371,2023-10-30,2023-11-05,2023-11-13,2,Super Deluxe,5870,2.91
B_00499,H_261,U_0510,2024-08-02,2024-08-07,2024-08-08,1,Super Deluxe,9671,3.14
B_00500,H_189,U_0825,2024-07-02,2024-07-05,2024-07-07,1,Deluxe,2648,11.78
B_00501,H_101,U_0073,2023-07-16,2023-07-26,2023-08-05,3,Luxury,18257,11.21
B_00502,H_273,U_0798,2023-05-05,2023-05-13,2023-05-17,1,Deluxe,3690,13.05
B_00503,H_257,U_0076,2023-12-04,2023-12-14,2023-12-15,4,Deluxe,2886,13.92
B_00504,H_136,U_0383,2023-11-09,2023-11-19,2023-11-23,3,Super Deluxe,8314,5.04
B_00505,H_299,U_0062,2024-11-01,2024-11-06,2024-11-08,4,Luxury,21853,2.57
B_00506,H_172,U_0619,2024-06-06,2024-06-11,2024-06-21,2,Standard,1643,12.85
B_00507,H_099,U_0606,2024-07-13,2024-07-23,2024-07-28,1,Luxury,27062,13.09
B_00508,H_278,U_0594,2023-11-05,2023-11-10,2023-11-20,1,Luxury,15725,0.6
B_00509,H_299,U_0035,2024-09-20,2024-09-29,2024-10-07,1,Luxury,23115,3.61
B_00510,H_175,U_0710,2023-11-08,2023-11-14,2023-11-17,3,Super Deluxe,8917,9.71
B_00511,H_131,U_0686,2023-12-12,2023-12-17,2023-12-25,1,Luxury,22599,11.58
B_00512,H_101,U_0190,2023-09-22,2023-10-02,2023-10-03,1,Luxury,29639,10.36
B_00513,H_172,U_0437,2024-05-04,2024-05-10,2024-05-12,3,Standard,1854,14.18
B_00514,H_106,U_0114,2023-06-10,2023-06-18,2023-06-26,1,Super Deluxe,11004,2.63
B_00515,H_156,U_0575,2023-07-06,2023-07-11,2023-07-17,2,Standard,1779,11.06
B_00516,H_023,U_0772,2024-06-06,2024-06-14,2024-06-20,3,Luxury,19541,0.82
B_00517,H_070,U_0498,2023-04-13,2023-04-17,2023-04-25,3,Luxury,25174,5.52
B_00518,H_093,U_0193,2024-08-02,2024-08-06,2024-08-08,4,Deluxe,3182,14.37
B_00519,H_251,U_0283,2024-06-09,2024-06-14,2024-06-22,2,Deluxe,4133,14.28
B_00520,H_049,U_0993,2023-07-03,2023-07-08,2023-07-16,3,Luxury,22273,11.07
B_00521,H_081,U_0065,2024-10-09,2024-10-15,2024-10-24,3,Luxury,24482,5.14
B_00522,H_200,U_0498,2024-05-30,2024-06-09,2024-06-17,3,Deluxe,3256,2.58
B_00523,H_169,U_0381,2024-07-06,2024-07-09,2024-07-12,3,Super Deluxe,12470,14.34
B_00524,H_282,U_0729,2024-01-28,2024-02-04,2024-02-07,2,Deluxe,2661,3.57
B_00525,H_140,U_0589,2023-12-27,2024-01-06,2024-01-11,3,Deluxe,2841,8.44
B_00526,H_194,U_0353,2024-08-01,2024-08-09,2024-08-17,2,Super Deluxe,6991,13.81
B_00527,H_140,U_0787,2023-12-29,2024-01-08,2024-01-14,2,Standard,1918,14.63
B_00528,H_131,U_0486,2024-05-16,2024-05-21,2024-05-31,4,Super Deluxe,6841,10.97
B_00529,H_203,U_0695,2023-09-12,2023-09-16,2023-09-21,1,Luxury,25118,12.61
B_00530,H_130,U_0335,2023-11-07,2023-11-13,2023-11-23,2,Super Deluxe,8207,0.34
B_00531,H_203,U_0694,2023-11-06,2023-11-15,2023-11-19,4,Super Deluxe,14883,9.08
B_00532,H_048,U_0408,2024-11-12,2024-11-21,2024-11-27,4,Super Deluxe,5200,4.27
B_00533,H_010,U_0896,2023-12-13,2023-12-17,2023-12-21,4,Luxury,28168,6.64
B_00534,H_282,U_0747,2024-02-04,2024-02-09,2024-02-19,1,Deluxe,2852,4.55
B_00535,H_195,U_0344,2024-02-10,2024-02-19,2024-02-21,1,Luxury,25467,13.72
B_00536,H_195,U_0474,2023-07-31,2023-08-05,2023-08-09,2,Luxury,19743,8.31
B_00537,H_299,U_0855,2023-08-09,2023-08-16,2023-08-24,4,Deluxe,2110,11.87
B_00538,H_279,U_0979,2024-07-07,2024-07-11,2024-07-16,4,Deluxe,4015,13.6
B_00539,H_276,U_0123,2024-09-14,2024-09-24,2024-09-26,3,Luxury,24267,6.54
B_00540,H_291,U_0998,2024-01-14,2024-01-22,2024-01-31,1,Super Deluxe,7669,8.72
B_00541,H_189,U_0900,2023-07-26,2023-08-03,2023-08-06,1,Super Deluxe,10918,6.29
B_00542,H_139,U_0050,2023-07-05,2023-07-12,2023-07-21,1,Deluxe,4573,2.75
B_00543,H_155,U_0557,2024-04-18,2024-04-26,2024-05-01,3,Super Deluxe,6571,8.02
B_00544,H_264,U_0014,2024-07-22,2024-07-29,2024-08-04,4,Luxury,20576,13.81
B_00545,H_194,U_0159,2024-04-19,2024-04-25,2024-04-29,1,Luxury,22545,13.74
B_00546,H_058,U_0946,2023-05-11,2023-05-21,2023-05-27,3,Super Deluxe,7278,12.26
B_00547,H_220,U_0536,2023-12-01,2023-12-06,2023-12-11,1,Standard,1255,1.93
B_00548,H_178,U_0315,2024-09-25,2024-10-01,2024-10-04,1,Luxury,26319,11.45
B_00549,H_258,U_0794,2024-02-11,2024-02-20,2024-02-21,2,Standard,867,11.9
B_00550,H_059,U_0481,2024-01-21,2024-01-28,2024-01-29,1,Super Deluxe,5169,11.32
B_00551,H_058,U_0211,2023-04-10,2023-04-15,2023-04-21,1,Standard,1098,12.69
B_00552,H_107,U_0357,2023-09-30,2023-10-05,2023-10-14,2,Standard,1002,12.29
B_00553,H_183,U_0223,2024-02-12,2024-02-19,2024-02-22,1,Standard,1238,13.81
B_00554,H_019,U_0376,2023-06-19,2023-06-29,2023-07-01,2,Super Deluxe,11220,6.36
B_00555,H_027,U_0116,2024-02-21,2024-02-25,2024-03-04,1,Deluxe,4031,11.43
B_00556,H_016,U_0740,2023-07-18,2023-07-22,2023-07-28,4,Standard,1588,4.25
B_00557,H_298,U_0704,2023-11-27,2023-12-03,2023-12-12,4,Super Deluxe,12012,2.83
B_00558,H_069,U_0962,2024-05-25,2024-05-30,2024-05-31,4,Standard,1611,6.57
B_00559,H_244,U_0123,2024-02-23,2024-03-03,2024-03-10,1,Deluxe,2266,5.46
B_00560,H_122,U_0610,2023-04-24,2023-04-28,2023-05-02,4,Luxury,19564,11.47
B_00561,H_175,U_0280,2024-03-13,2024-03-21,2024-03-29,4,Luxury,23380,4.18
B_00562,H_280,U_0126,2023-04-09,2023-04-19,2023-04-27,2,Deluxe,2122,1.49
B_00563,H_210,U_0511,2023-11-17,2023-11-22,2023-11-29,3,Deluxe,3241,9.33
B_00564,H_142,U_0677,2024-03-14,2024-03-24,2024-04-01,2,Super Deluxe,13158,7.35
B_00565,H_278,U_0829,2024-08-10,2024-08-13,2024-08-14,4,Standard,1585,6.75
B_00566,H_261,U_0471,2023-07-29,2023-08-01,2023-08-04,3,Deluxe,4014,6.46
B_00567,H_153,U_0500,2024-11-09,2024-11-19,2024-11-28,4,Luxury,24212,12.82
B_00568,H_228,U_0270,2024-02-22,2024-03-02,2024-03-12,3,Super Deluxe,10251,0.92
B_00569,H_155,U_0858,2024-02-10,2024-02-18,2024-02-28,1,Super Deluxe,11236,1.46
B_00570,H_077,U_0422,2023-04-13,2023-04-16,2023-04-20,2,Deluxe,4655,4.68
B_00571,H_048,U_0890,2023-07-11,2023-07-15,2023-07-21,2,Standard,1902,4.89
B_00572,H_018,U_0582,2023-08-31,2023-09-09,2023-09-14,1,Luxury,24634,0.33
B_00573,H_278,U_0400,2023-12-31,2024-01-04,2024-01-12,1,Deluxe,3377,7.45
B_00574,H_058,U_0171,2023-05-19,2023-05-27,2023-06-03,2,Luxury,25412,12.71
B_00575,H_173,U_0220,2024-01-10,2024-01-17,2024-01-18,3,Luxury,28183,3.39
B_00576,H_107,U_0735,2024-04-26,2024-04-30,2024-05-10,3,Super Deluxe,6103,8.5
B_00577,H_049,U_0215,2024-01-09,2024-01-13,2024-01-18,3,Luxury,25871,8.1
B_00578,H_098,U_0258,2023-04-22,2023-05-02,2023-05-11,2,Standard,1857,12.94
B_00579,H_140,U_0677,2023-05-26,2023-06-02,2023-06-11,4,Standard,1869,3.01
B_00580,H_261,U_0155,2024-01-16,2024-01-25,2024-02-01,3,Standard,1216,12.69
B_00581,H_023,U_0662,2023-09-02,2023-09-09,2023-09-19,2,Luxury,18908,1.7
B_00582,H_266,U_0817,2024-09-10,2024-09-20,2024-09-28,4,Luxury,25600,13.58
B_00583,H_273,U_0140,2023-04-04,2023-04-11,2023-04-16,2,Standard,1795,11.73
B_00584,H_090,U_0322,2023-05-23,2023-05-27,2023-06-03,3,Standard,1612,14.15
B_00585,H_086,U_0242,2024-03-08,2024-03-12,2024-03-21,3,Luxury,29493,1.35
B_00586,H_140,U_0338,2023-09-26,2023-10-05,2023-10-09,4,Deluxe,2591,1.6
B_00587,H_295,U_0451,2024-09-09,2024-09-16,2024-09-26,1,Luxury,23741,5.62
B_00588,H_194,U_0559,2024-10-15,2024-10-25,2024-10-29,3,Deluxe,3487,7.13
B_00589,H_282,U_0022,2024-08-06,2024-08-09,2024-08-13,3,Luxury,20068,9.58
B_00590,H_272,U_0548,2023-06-10,2023-06-20,2023-06-27,1,Luxury,19187,4.51
B_00591,H_015,U_0305,2024-02-23,2024-02-28,2024-03-07,3,Luxury,27933,0.51
B_00592,H_146,U_0483,2024-04-21,2024-04-29,2024-05-06,1,Deluxe,4861,3.91
B_00593,H_228,U_0617,2023-06-12,2023-06-20,2023-06-28,1,Standard,1176,9.45
B_00594,H_020,U_0004,2023-12-02,2023-12-08,2023-12-13,3,Standard,1026,2.37
B_00595,H_292,U_0868,2024-02-23,2024-03-02,2024-03-10,4,Deluxe,3068,2.6
B_00596,H_010,U_0819,2023-05-12,2023-05-18,2023-05-20,4,Super Deluxe,7981,5.9
B_00597,H_214,U_0230,2023-12-26,2023-12-29,2024-01-07,2,Standard,1747,2.97
B_00598,H_178,U_0051,2024-05-13,2024-05-22,2024-06-01,3,Deluxe,2365,14.37
B_00599,H_091,U_0121,2024-03-07,2024-03-16,2024-03-24,4,Standard,1259,10.7
B_00600,H_153,U_0295,2024-06-18,2024-06-27,2024-06-30,4,Deluxe,4458,3.23
B_00601,H_073,U_0429,2023-05-19,2023-05-28,2023-05-31,1,Super Deluxe,9290,3.53
B_00602,H_189,U_0379,2024-01-16,2024-01-26,2024-01-28,1,Luxury,17183,13.07
B_00603,H_292,U_0704,2023-07-10,2023-07-19,2023-07-26,3,Standard,995,8.35
B_00604,H_153,U_0483,2023-08-18,2023-08-21,2023-08-22,3,Luxury,19957,14.66
B_00605,H_037,U_0992,2023-10-16,2023-10-19,2023-10-29,2,Super Deluxe,7784,7.56
B_00606,H_003,U_0136,2023-11-21,2023-11-29,2023-12-08,4,Deluxe,3067,1.75
B_00607,H_070,U_0512,2023-05-29,2023-06-06,2023-06-13,3,Super Deluxe,9322,7.75
B_00608,H_012,U_0324,2023-09-10,2023-09-15,2023-09-24,4,Standard,1186,2.23
B_00609,H_049,U_0482,2023-10-08,2023-10-13,2023-10-21,4,Standard,1813,0.61
B_00610,H_182,U_0497,2024-07-02,2024-07-12,2024-07-14,2,Standard,1515,1.4
B_00611,H_142,U_0855,2023-12-10,2023-12-17,2023-12-27,2,Standard,1877,11.5
B_00612,H_093,U_0253,2023-11-25,2023-11-29,2023-12-05,1,Super Deluxe,6999,5.91
B_00613,H_081,U_0858,2024-03-09,2024-03-14,2024-03-15,1,Luxury,28611,10.62
B_00614,H_003,U_0609,2024-06-14,2024-06-22,2024-06-23,4,Super Deluxe,14326,1.94
B_00615,H_273,U_0331,2023-10-24,2023-10-28,2023-11-06,4,Standard,1616,3.83
B_00616,H_106,U_0092,2023-05-14,2023-05-20,2023-05-23,4,Luxury,19669,9.71
B_00617,H_293,U_0124,2024-10-03,2024-10-13,2024-10-20,3,Deluxe,3471,9.98
B_00618,H_279,U_0205,2024-01-17,2024-01-27,2024-02-03,4,Super Deluxe,14226,9.01
B_00619,H_070,U_0831,2023-10-23,2023-10-28,2023-11-04,4,Standard,882,7.7
B_00620,H_010,U_0664,2024-10-20,2024-10-30,2024-11-08,1,Super Deluxe,12672,6.56
B_00621,H_086,U_0308,2024-10-30,2024-11-04,2024-11-09,2,Luxury,19842,8.53
B_00622,H_264,U_0526,2024-01-09,2024-01-18,2024-01-25,1,Luxury,25828,10.8
B_00623,H_168,U_0261,2023-09-14,2023-09-18,2023-09-27,1,Standard,1747,2.69
B_00624,H_012,U_0047,2023-06-15,2023-06-24,2023-06-29,3,Luxury,27409,10.05
B_00625,H_081,U_0350,2024-09-10,2024-09-16,2024-09-19,1,Super Deluxe,6743,6.51
B_00626,H_274,U_0120,2023-12-05,2023-12-10,2023-12-18,4,Luxury,29235,9.87
B_00627,H_106,U_0311,2024-09-21,2024-09-30,2024-10-05,1,Deluxe,2554,0.21
B_00628,H_189,U_0713,2024-03-29,2024-04-01,2024-04-05,4,Deluxe,4662,3.63
B_00629,H_292,U_0196,2024-06-27,2024-07-04,2024-07-12,2,Luxury,21913,0.33
B_00630,H_262,U_0757,2023-05-13,2023-05-23,2023-05-31,1,Luxury,24589,3.64
B_00631,H_244,U_0053,2023-12-05,2023-12-08,2023-12-10,4,Luxury,28904,7.44
B_00632,H_093,U_0298,2024-10-13,2024-10-23,2024-10-30,4,Luxury,18800,10.71
B_00633,H_183,U_0591,2024-03-23,2024-03-27,2024-04-01,4,Luxury,16916,7.42
B_00634,H_251,U_0460,2023-07-05,2023-07-08,2023-07-11,3,Deluxe,3923,5.16
B_00635,H_155,U_0602,2024-06-18,2024-06-28,2024-07-01,3,Luxury,21830,12.5
B_00636,H_200,U_0816,2024-10-23,2024-10-28,2024-11-07,2,Super Deluxe,6413,10.01
B_00637,H_122,U_0161,2023-06-02,2023-06-06,2023-06-13,4,Super Deluxe,8846,3.14
B_00638,H_034,U_0368,2024-11-10,2024-11-18,2024-11-21,2,Standard,930,5.07
B_00639,H_081,U_0124,2024-08-12,2024-08-18,2024-08-26,3,Super Deluxe,10821,11.54
B_00640,H_156,U_0274,2024-05-12,2024-05-16,2024-05-17,4,Luxury,28789,11.34
B_00641,H_117,U_0625,2024-08-07,2024-08-10,2024-08-19,1,Deluxe,4581,1.77
B_00642,H_138,U_0161,2024-06-21,2024-07-01,2024-07-10,4,Standard,1115,9.71
B_00643,H_090,U_0126,2024-05-17,2024-05-27,2024-06-03,1,Deluxe,3941,5.12
B_00644,H_274,U_0273,2024-02-04,2024-02-13,2024-02-19,2,Deluxe,4170,6.33
B_00645,H_194,U_0424,2024-03-03,2024-03-13,2024-03-22,3,Standard,1706,2.18
B_00646,H_150,U_0967,2024-10-29,2024-11-02,2024-11-08,3,Luxury,27655,2.46
B_00647,H_078,U_0677,2023-11-20,2023-11-23,2023-12-02,3,Luxury,21587,13.29
B_00648,H_140,U_0739,2024-10-10,2024-10-18,2024-10-19,3,Deluxe,4869,6.06
B_00649,H_070,U_0640,2024-02-09,2024-02-17,2024-02-24,2,Super Deluxe,6381,0.55
B_00650,H_059,U_0533,2024-06-25,2024-07-02,2024-07-06,1,Super Deluxe,13542,5.11
B_00651,H_278,U_0029,2023-09-14,2023-09-21,2023-09-25,3,Luxury,23279,1.66
B_00652,H_059,U_0266,2024-02-28,2024-03-07,2024-03-09,1,Standard,1719,4.47
B_00653,H_131,U_0348,2023-12-13,2023-12-19,2023-12-25,3,Super Deluxe,14385,10.09
B_00654,H_294,U_0756,2024-01-27,2024-01-31,2024-02-06,2,Super Deluxe,12444,1.47
B_00655,H_279,U_0084,2023-07-05,2023-07-08,2023-07-15,2,Luxury,18520,6.69
B_00656,H_214,U_0413,2024-06-04,2024-06-13,2024-06-18,4,Luxury,22211,10.34
B_00657,H_177,U_0844,2023-09-30,2023-10-05,2023-10-14,2,Luxury,26652,6.87
B_00658,H_298,U_0884,2023-08-30,2023-09-03,2023-09-07,4,Luxury,15535,11.2
B_00659,H_098,U_0944,2023-12-07,2023-12-16,2023-12-18,1,Super Deluxe,14368,4.34
B_00660,H_090,U_0381,2024-10-06,2024-10-14,2024-10-19,3,Luxury,15459,11.87
B_00661,H_150,U_0432,2024-07-15,2024-07-22,2024-07-27,2,Deluxe,4003,0.03
B_00662,H_193,U_0892,2024-04-19,2024-04-28,2024-05-06,3,Luxury,29751,5.07
B_00663,H_132,U_0136,2023-10-22,2023-11-01,2023-11-09,4,Deluxe,4982,4.88
B_00664,H_096,U_0420,2024-07-31,2024-08-06,2024-08-13,3,Standard,1707,11.04
B_00665,H_194,U_0725,2024-09-02,2024-09-09,2024-09-18,1,Standard,1194,14.33
B_00666,H_070,U_0981,2024-06-08,2024-06-14,2024-06-22,1,Standard,1889,2.7
B_00667,H_228,U_0252,2024-03-23,2024-04-02,2024-04-04,3,Luxury,24649,0.67
B_00668,H_298,U_0349,2024-02-02,2024-02-07,2024-02-14,1,Super Deluxe,11259,3.86
B_00669,H_292,U_0555,2024-05-29,2024-06-05,2024-06-08,2,Super Deluxe,6469,2.31
B_00670,H_282,U_0061,2023-04-06,2023-04-11,2023-04-12,1,Super Deluxe,11389,1.48
B_00671,H_093,U_0265,2024-01-16,2024-01-20,2024-01-21,2,Deluxe,4446,8.79
B_00672,H_282,U_0395,2024-09-15,2024-09-22,2024-09-23,3,Luxury,24063,6.11
B_00673,H_292,U_0649,2024-03-30,2024-04-02,2024-04-07,1,Deluxe,4273,9.77
B_00674,H_117,U_0417,2023-05-09,2023-05-13,2023-05-22,2,Deluxe,3530,8.11
B_00675,H_189,U_0551,2024-11-20,2024-11-30,2024-12-01,1,Luxury,28589,9.31
B_00676,H_299,U_0001,2023-08-23,2023-09-02,2023-09-07,3,Luxury,20758,12.64
B_00677,H_196,U_0289,2023-10-06,2023-10-11,2023-10-20,1,Super Deluxe,6470,5.93
B_00678,H_172,U_0743,2024-10-31,2024-11-07,2024-11-14,2,Super Deluxe,10614,9.53
B_00679,H_228,U_0280,2024-09-21,2024-09-29,2024-10-05,2,Luxury,24823,4.93
B_00680,H_132,U_0662,2024-04-06,2024-04-16,2024-04-17,1,Deluxe,3693,8.34
B_00681,H_023,U_0781,2024-04-03,2024-04-07,2024-04-09,1,Luxury,26015,1.85
B_00682,H_131,U_0848,2024-10-19,2024-10-28,2024-10-31,1,Standard,1747,5.56
B_00683,H_131,U_0227,2023-06-08,2023-06-15,2023-06-21,2,Standard,1420,12.13
B_00684,H_276,U_0991,2024-05-26,2024-05-29,2024-06-03,4,Deluxe,2030,2.94
B_00685,H_119,U_0114,2023-10-24,2023-11-03,2023-11-06,2,Deluxe,2268,8.82
B_00686,H_132,U_0266,2023-10-07,2023-10-13,2023-10-22,3,Deluxe,4778,0.35
B_00687,H_203,U_0630,2023-04-05,2023-04-15,2023-04-16,4,Standard,1461,6.49
B_00688,H_131,U_0125,2024-08-11,2024-08-21,2024-08-29,3,Standard,1259,0.7
B_00689,H_136,U_0460,2023-06-17,2023-06-20,2023-06-27,2,Super Deluxe,6341,13.2
B_00690,H_001,U_0707,2024-06-11,2024-06-15,2024-06-19,2,Deluxe,3349,4.66
B_00691,H_182,U_0029,2023-08-23,2023-09-01,2023-09-02,3,Super Deluxe,9050,1.62
B_00692,H_077,U_0853,2023-08-06,2023-08-14,2023-08-23,2,Standard,1698,11.46
B_00693,H_012,U_0128,2023-04-20,2023-04-23,2023-04-24,4,Super Deluxe,6066,11.74
B_00694,H_217,U_0057,2024-07-12,2024-07-21,2024-07-23,1,Standard,1945,0.78
B_00695,H_291,U_0099,2024-01-05,2024-01-11,2024-01-21,1,Luxury,21291,6.96
B_00696,H_145,U_0635,2024-03-01,2024-03-09,2024-03-10,4,Super Deluxe,14631,2.89
B_00697,H_003,U_0731,2024-04-14,2024-04-20,2024-04-30,2,Super Deluxe,10823,6.32
B_00698,H_210,U_0191,2023-10-05,2023-10-10,2023-10-11,1,Deluxe,3277,8.77
B_00699,H_210,U_0319,2023-09-16,2023-09-21,2023-09-24,4,Super Deluxe,14885,5.14
B_00700,H_171,U_0531,2023-08-26,2023-08-29,2023-09-02,1,Luxury,20634,2.93
B_00701,H_078,U_0805,2023-07-21,2023-07-29,2023-08-02,4,Luxury,24827,10.39
B_00702,H_161,U_0987,2024-09-18,2024-09-25,2024-10-02,3,Deluxe,2430,6.81
B_00703,H_194,U_0508,2024-09-30,2024-10-03,2024-10-07,2,Luxury,25223,3.2
B_00704,H_172,U_0827,2024-07-12,2024-07-18,2024-07-25,2,Standard,1543,0.15
B_00705,H_015,U_0118,2024-09-24,2024-10-01,2024-10-09,2,Super Deluxe,5720,14.63
B_00706,H_096,U_0179,2024-04-07,2024-04-14,2024-04-17,3,Deluxe,2732,2.94
B_00707,H_231,U_0933,2023-09-13,2023-09-16,2023-09-19,4,Standard,1493,14.04
B_00708,H_266,U_0379,2024-09-12,2024-09-17,2024-09-26,4,Standard,1042,2.17
B_00709,H_155,U_0197,2023-07-13,2023-07-22,2023-07-28,3,Luxury,25423,3.67
B_00710,H_189,U_0602,2023-09-11,2023-09-18,2023-09-21,3,Deluxe,2219,9.44
B_00711,H_276,U_0872,2024-06-13,2024-06-23,2024-06-27,1,Luxury,27960,9.95
B_00712,H_195,U_0398,2024-02-09,2024-02-17,2024-02-25,4,Deluxe,3319,10.69
B_00713,H_295,U_0733,2023-11-11,2023-11-21,2023-11-26,4,Standard,1224,3.29
B_00714,H_145,U_0406,2023-10-19,2023-10-26,2023-11-02,4,Deluxe,3533,3.82
B_00715,H_145,U_0303,2023-05-02,2023-05-10,2023-05-14,1,Luxury,23393,9.32
B_00716,H_259,U_0443,2023-08-23,2023-08-31,2023-09-08,3,Super Deluxe,11265,0.37
B_00717,H_177,U_0661,2024-06-09,2024-06-17,2024-06-19,3,Standard,1366,13.9
B_00718,H_289,U_0369,2023-07-13,2023-07-19,2023-07-25,2,Super Deluxe,9097,4.54
B_00719,H_049,U_0196,2023-12-07,2023-12-14,2023-12-15,3,Super Deluxe,10680,11.75
B_00720,H_152,U_0842,2023-10-04,2023-10-07,2023-10-15,2,Luxury,18729,3.4
B_00721,H_200,U_0240,2024-11-13,2024-11-23,2024-12-01,3,Standard,1441,12.69
B_00722,H_258,U_0215,2023-08-06,2023-08-16,2023-08-25,1,Super Deluxe,7277,8.66
B_00723,H_261,U_0512,2024-02-01,2024-02-09,2024-02-13,4,Luxury,26236,11.29
B_00724,H_230,U_0307,2024-03-23,2024-03-26,2024-04-05,1,Deluxe,2630,14.66
B_00725,H_297,U_0645,2024-01-18,2024-01-27,2024-02-03,2,Luxury,16044,8.02
B_00726,H_058,U_0337,2024-07-23,2024-08-02,2024-08-07,1,Deluxe,2428,10.12
B_00727,H_027,U_0501,2024-07-05,2024-07-10,2024-07-14,1,Luxury,19651,3.09
B_00728,H_069,U_0072,2024-08-19,2024-08-22,2024-08-28,1,Deluxe,3339,12.9
B_00729,H_289,U_0114,2023-08-24,2023-09-02,2023-09-10,1,Luxury,29805,12.99
B_00730,H_090,U_0318,2023-10-18,2023-10-28,2023-10-31,3,Deluxe,4059,10.75
B_00731,H_058,U_0008,2023-08-07,2023-08-17,2023-08-19,4,Deluxe,4154,4.93
B_00732,H_049,U_0472,2024-03-07,2024-03-10,2024-03-12,3,Luxury,20682,10.5
B_00733,H_101,U_0401,2024-04-02,2024-04-11,2024-04-15,2,Luxury,22502,5.77
B_00734,H_178,U_0098,2023-10-01,2023-10-04,2023-10-08,2,Super Deluxe,13811,4.38
B_00735,H_019,U_0931,2024-07-27,2024-08-05,2024-08-14,1,Super Deluxe,6254,11.33
B_00736,H_150,U_0420,2024-10-02,2024-10-07,2024-10-12,2,Standard,1746,0.4
B_00737,H_145,U_0391,2023-08-02,2023-08-11,2023-08-15,4,Standard,821,3.76
B_00738,H_153,U_0335,2023-09-21,2023-10-01,2023-10-09,1,Standard,1923,9.86
B_00739,H_006,U_0144,2024-10-11,2024-10-18,2024-10-21,2,Standard,1005,2.66
B_00740,H_245,U_0173,2024-05-20,2024-05-23,2024-05-28,2,Luxury,20867,2.67
B_00741,H_034,U_0222,2023-12-19,2023-12-22,2023-12-31,1,Luxury,26311,4.62
B_00742,H_272,U_0050,2024-08-19,2024-08-25,2024-08-29,3,Deluxe,2820,1.37
B_00743,H_067,U_0346,2023-07-19,2023-07-23,2023-07-27,1,Deluxe,4966,2.51
B_00744,H_200,U_0836,2023-05-07,2023-05-15,2023-05-24,2,Deluxe,4219,5.93
B_00745,H_078,U_0219,2023-07-16,2023-07-24,2023-07-30,2,Standard,1623,9.81
B_00746,H_228,U_0470,2023-10-03,2023-10-07,2023-10-12,3,Standard,937,13.28
B_00747,H_228,U_0512,2024-09-14,2024-09-19,2024-09-24,1,Super Deluxe,11367,10.17
B_00748,H_173,U_0341,2023-08-20,2023-08-28,2023-09-05,1,Super Deluxe,5290,9.13
B_00749,H_183,U_0524,2023-04-17,2023-04-20,2023-04-24,1,Standard,1432,3.55
B_00750,H_003,U_0635,2024-06-20,2024-06-23,2024-06-26,3,Luxury,19860,3.03
B_00751,H_081,U_0244,2023-06-12,2023-06-20,2023-06-23,3,Super Deluxe,5649,7.81
B_00752,H_230,U_0769,2023-10-13,2023-10-19,2023-10-25,3,Deluxe,2844,8.09
B_00753,H_276,U_0821,2024-09-16,2024-09-25,2024-10-04,3,Deluxe,3812,9.45
B_00754,H_244,U_0072,2023-04-01,2023-04-04,2023-04-07,2,Deluxe,2376,2.61
B_00755,H_177,U_0242,2023-05-21,2023-05-25,2023-06-01,4,Super Deluxe,7690,10.83
B_00756,H_183,U_0621,2024-02-23,2024-03-01,2024-03-06,4,Deluxe,3114,12.94
B_00757,H_058,U_0408,2024-07-23,2024-07-28,2024-08-05,4,Luxury,23279,9.14
B_00758,H_117,U_0840,2023-08-25,2023-08-28,2023-09-04,4,Standard,1414,8.93
B_00759,H_182,U_0264,2023-09-25,2023-10-05,2023-10-10,4,Super Deluxe,11147,8.43
B_00760,H_245,U_0140,2024-11-12,2024-11-18,2024-11-21,2,Standard,826,12.92
B_00761,H_155,U_0504,2023-08-15,2023-08-24,2023-08-31,3,Luxury,23021,4.62
B_00762,H_237,U_0419,2024-05-05,2024-05-09,2024-05-16,2,Deluxe,3788,14.36
B_00763,H_173,U_0522,2023-11-03,2023-11-11,2023-11-12,4,Luxury,27054,3.7
B_00764,H_203,U_0647,2023-11-14,2023-11-19,2023-11-24,4,Deluxe,3042,3.71
B_00765,H_093,U_0013,2023-07-17,2023-07-21,2023-07-28,4,Standard,1861,13.65
B_00766,H_018,U_0850,2023-09-12,2023-09-19,2023-09-24,4,Super Deluxe,11744,11.29
B_00767,H_104,U_0112,2023-11-17,2023-11-25,2023-11-28,3,Deluxe,3631,10.49
B_00768,H_036,U_0836,2024-04-19,2024-04-22,2024-04-24,1,Luxury,23601,6.25
B_00769,H_278,U_0175,2024-08-25,2024-09-02,2024-09-05,2,Deluxe,3993,2.73
B_00770,H_250,U_0581,2023-05-25,2023-05-30,2023-06-03,1,Deluxe,2786,3.89
B_00771,H_177,U_0452,2024-07-13,2024-07-18,2024-07-20,3,Standard,1573,1.87
B_00772,H_145,U_0600,2024-07-03,2024-07-13,2024-07-21,1,Standard,925,3.99
B_00773,H_001,U_0809,2024-05-12,2024-05-16,2024-05-20,1,Luxury,24880,7.8
B_00774,H_298,U_0955,2023-07-26,2023-08-05,2023-08-11,4,Super Deluxe,11075,10.23
B_00775,H_230,U_0837,2024-07-16,2024-07-24,2024-07-31,4,Standard,1529,13.1
B_00776,H_101,U_0468,2023-04-08,2023-04-13,2023-04-14,1,Super Deluxe,9073,5.53
B_00777,H_036,U_0528,2024-09-04,2024-09-10,2024-09-11,3,Standard,1537,13.1
B_00778,H_036,U_0695,2024-04-10,2024-04-16,2024-04-26,4,Luxury,27112,9.19
B_00779,H_264,U_0962,2023-12-14,2023-12-18,2023-12-25,3,Deluxe,4917,2.15
B_00780,H_091,U_0804,2023-12-06,2023-12-09,2023-12-12,4,Standard,1417,12.49
B_00781,H_203,U_0173,2023-06-05,2023-06-09,2023-06-17,2,Deluxe,2867,2.56
B_00782,H_155,U_0109,2023-12-11,2023-12-14,2023-12-17,3,Luxury,27556,4.21
B_00783,H_069,U_0975,2023-10-26,2023-10-31,2023-11-09,4,Standard,1481,13.08
B_00784,H_177,U_0067,2024-09-17,2024-09-26,2024-10-03,4,Deluxe,2916,3.89
B_00785,H_153,U_0092,2023-12-22,2023-12-28,2023-12-30,3,Deluxe,3284,14.31
B_00786,H_069,U_0319,2023-07-08,2023-07-14,2023-07-21,4,Super Deluxe,10981,11.96
B_00787,H_081,U_0533,2024-01-28,2024-02-01,2024-02-08,1,Luxury,20177,2.17
B_00788,H_193,U_0512,2023-05-15,2023-05-20,2023-05-30,3,Deluxe,4726,12.74
B_00789,H_093,U_0614,2024-03-09,2024-03-16,2024-03-25,1,Super Deluxe,14404,7.17
B_00790,H_059,U_0299,2023-12-08,2023-12-11,2023-12-17,2,Deluxe,2922,10.51
B_00791,H_081,U_0878,2024-03-04,2024-03-13,2024-03-18,2,Standard,1922,5.88
B_00792,H_156,U_0357,2024-06-15,2024-06-24,2024-06-26,3,Super Deluxe,8197,10.52
B_00793,H_220,U_0135,2024-09-17,2024-09-20,2024-09-25,4,Deluxe,4365,2.06
B_00794,H_012,U_0919,2024-07-17,2024-07-23,2024-07-27,2,Standard,1541,10.89
B_00795,H_130,U_0386,2024-07-27,2024-08-01,2024-08-02,1,Super Deluxe,12764,2.69
B_00796,H_156,U_0666,2023-05-24,2023-06-02,2023-06-05,4,Deluxe,2140,1.78
B_00797,H_291,U_0705,2023-09-04,2023-09-13,2023-09-15,4,Luxury,19510,9.49
B_00798,H_155,U_0123,2024-06-02,2024-06-06,2024-06-08,4,Deluxe,2095,8.8
B_00799,H_015,U_0281,2023-09-19,2023-09-24,2023-10-01,4,Luxury,19889,8.57
B_00800,H_090,U_0731,2023-07-06,2023-07-11,2023-07-18,1,Luxury,24111,12.26
